{"cameraMode":{"drawMode":0,"name":"Shaded","section":"Shading Mode"},"sceneLighting":false,"audioPlay":false,"sceneViewState":{"showFog":false,"showMaterialUpdate":false,"showSkybox":false,"showFlares":false,"showImageEffects":false,"showParticleSystems":false},"in2DMode":false,"pivot":{"x":11.531810760498047,"y":2.184661865234375,"z":10.855274200439454},"rotation":{"x":0.004499679431319237,"y":-0.008999422192573548,"z":0.000040501574403606355,"w":0.9999539256095886},"size":16.326995849609376,"orthographic":true}