{"cameraMode":{"drawMode":0,"name":"Shaded","section":"Shading Mode"},"sceneLighting":false,"audioPlay":false,"sceneViewState":{"showFog":false,"showMaterialUpdate":false,"showSkybox":false,"showFlares":false,"showImageEffects":false,"showParticleSystems":false},"in2DMode":false,"pivot":{"x":13.449999809265137,"y":-1.7200000286102296,"z":0.0},"rotation":{"x":0.004499679431319237,"y":-0.008999422192573548,"z":0.000040501574403606355,"w":0.9999539256095886},"size":6.428652286529541,"orthographic":true}